,Accuracy,Macro Precision,Macro Recall,Macro F1,Weighted F1,Balanced Accuracy,Quadratic Weighted Kappa,ROC AUC OVR Macro,PR AUC Macro
XGBoost,0.625866050808314,0.4561119056901251,0.4778141173373269,0.463280156137299,0.636476869007387,0.4778141173373269,0.6003705710639935,0.7600844180062258,0.45947599631772834
Random Forest,0.6351039260969977,0.46031051065039347,0.47483601720926294,0.46307804345187525,0.6324662710754096,0.47483601720926294,0.5599919947413732,0.7724419218677381,0.4689861840021404
CatBoost,0.6027713625866051,0.45653630509950505,0.47002055242157403,0.45947909232163714,0.6215388349318763,0.47002055242157403,0.584956679683275,0.7755127799277828,0.48071764365272335
Logistic Regression,0.5866050808314087,0.45704706939646694,0.45755444539551665,0.4516725474301476,0.6105901600790522,0.45755444539551665,0.5702850793164227,0.7460814050681042,0.4567414325825347
