,Accuracy,Macro Precision,Macro Recall,Macro F1,Weighted F1,Balanced Accuracy,Quadratic Weighted Kappa,ROC AUC OVR Macro,PR AUC Macro
XGBoost,0.6628175519630485,0.5024752631247242,0.4139963512340714,0.4036572819724627,0.6030234184695795,0.4139963512340714,0.49362785359565287,0.7570396355508229,0.4614968396191951
CatBoost,0.6674364896073903,0.4582983193277311,0.4025748159079844,0.3790652718550846,0.5932842155494068,0.4025748159079844,0.4930925855895141,0.7683109923279412,0.47727651045590214
Random Forest,0.6581986143187067,0.4307471264367816,0.38233655962914354,0.364218932606155,0.5835134335152778,0.38233655962914354,0.47323600973236,0.7372900639554355,0.44458057472716034
Logistic Regression,0.6581986143187067,0.354127194644436,0.38279918756085685,0.3519912591074795,0.5769146648171847,0.38279918756085685,0.4767086790545092,0.7517471687309301,0.45558433100030155
