metric,value
accuracy,0.5473441108545035
precision_weighted,0.5100611917915918
recall_weighted,0.5473441108545035
f1_weighted,0.5161283510196936
f1_macro,0.38698832069275524
test_loss,1.0740858316421509
test_accuracy,0.5473440885543823
