crime_quartile,food_insecurity_rate_pct,fuel_insecurity_rate_pct,borough_count
Lowest,49.63025372756674,43.68546374428294,9
Low-medium,48.188385929169385,49.975203530712776,8
High-medium,52.5330544974132,46.61129617514571,8
Highest,49.88378843429871,49.18798317999466,8
