outcome,pearson_r,spearman_rho
food_insecurity_rate_pct,-0.014105572750694446,0.12299465240641712
fuel_insecurity_rate_pct,0.3914068097012481,0.2667335181034966
