{
  "accuracy": 0.6466512702078522,
  "precision_weighted": 0.5763825683939203,
  "recall_weighted": 0.6466512702078522,
  "f1_weighted": 0.6012155397823203,
  "f1_macro": 0.3892586047424679,
  "test_loss": 0.9500198364257812,
  "test_accuracy": 0.6466512680053711
}