,Accuracy,Macro Precision,Macro Recall,Macro F1,Weighted F1,Balanced Accuracy,Quadratic Weighted Kappa,ROC AUC OVR Macro,PR AUC Macro
XGBoost,0.5773672055427251,0.3336791708545429,0.3460505268107802,0.3256414413821,0.5238127593348382,0.3460505268107802,0.3807934385750491,0.707095675841827,0.38418770364787524
CatBoost,0.5889145496535797,0.3697266540120379,0.3432180271172408,0.31972955360052135,0.5180554708976075,0.3432180271172408,0.34089331320735483,0.7134350363610722,0.39114919528957093
Random Forest,0.5981524249422633,0.286876550463507,0.3422901046387081,0.3072989683309968,0.5152238235502394,0.3422901046387081,0.3911737449269804,0.7144202438359111,0.3945742012597708
Logistic Regression,0.5750577367205543,0.3488602050955537,0.33528722893309515,0.3038161450952148,0.5030878211070487,0.33528722893309515,0.3413373151042882,0.6844640811808292,0.38386006292148783
