model,accuracy,precision_weighted,recall_weighted,f1_weighted,f1_macro
tensorflow_mlp,0.4359861591695502,0.40042479670420056,0.4359861591695502,0.4164351104596567,0.15749453430739363
