,Accuracy,Macro Precision,Macro Recall,Macro F1,Weighted F1,Balanced Accuracy,Quadratic Weighted Kappa,ROC AUC OVR Macro,PR AUC Macro
CatBoost,0.5427251732101617,0.384722333265042,0.3961833033738799,0.38722225162622514,0.5448893848997852,0.3961833033738799,0.45605919664110206,0.7038260886950535,0.3906267987632395
XGBoost,0.5381062355658198,0.3809439938428749,0.38591433019772237,0.38175695121573944,0.5456163256366362,0.38591433019772237,0.46447367277719687,0.7088552059644413,0.3758857519653626
Random Forest,0.5450346420323325,0.365473235176625,0.37595260260401075,0.3649226183133763,0.5305678583698229,0.37595260260401075,0.43290546440032207,0.7148407955522365,0.39025710199990676
Logistic Regression,0.48498845265588914,0.3680458135811775,0.39924624510416645,0.3616738528699799,0.5043171210971105,0.39924624510416645,0.3543301386918378,0.6623159451411358,0.36689536500011394
