,Accuracy,Macro Precision,Macro Recall,Macro F1,Weighted F1,Balanced Accuracy,Quadratic Weighted Kappa,ROC AUC OVR Macro,PR AUC Macro
XGBoost,0.6558891454965358,0.4456458040318799,0.40770671985468443,0.40164151649310975,0.6027804639415694,0.40770671985468443,0.49302480193540055,0.7521345919420166,0.4578499112758515
CatBoost,0.6674364896073903,0.4582983193277311,0.4025748159079844,0.3790652718550846,0.5932842155494068,0.4025748159079844,0.4930925855895141,0.7683109923279412,0.47727651045590214
Random Forest,0.6605080831408776,0.4219186046511628,0.38550111659116887,0.3658924408924409,0.5869579227546895,0.38550111659116887,0.4888717883585234,0.7396665757705472,0.445044531508643
Logistic Regression,0.6581986143187067,0.354127194644436,0.38279918756085685,0.3519912591074795,0.5769146648171847,0.38279918756085685,0.4767086790545092,0.7517471687309301,0.45558433100030155
